{
  "controller/App-dbg.controller.js": 1605887913000,
  "controller/BaseController.js": 1605887913000,
  "model/models.js": 1605887913000,
  "model/formatter.js": 1605887913000,
  "controller/Worklist.controller.js": 1605887913000,
  "controller/Object.controller.js": 1605887913000,
  "controller/NotFound.controller.js": 1605887913000,
  "controller/ErrorHandler.js": 1605887913000,
  "manifest.json": 1606072184835,
  "controller/App.controller.js": 1605887913000,
  "Component.js": 1605887913000,
  "manifest-bundle.zip": 1606072184848,
  "Component-preload.js": 1606072185082,
  "Component-dbg.js": 1605887913000,
  "model/formatter-dbg.js": 1605887913000,
  "controller/Worklist-dbg.controller.js": 1605887913000,
  "controller/Object-dbg.controller.js": 1605887913000,
  "controller/NotFound-dbg.controller.js": 1605887913000,
  "controller/ErrorHandler-dbg.js": 1605887913000,
  "controller/BaseController-dbg.js": 1605887913000,
  "i18n/i18n.properties": 1605887913000,
  "model/models-dbg.js": 1605887913000,
  "view/Worklist.view.xml": 1605897087000,
  "view/ObjectNotFound.view.xml": 1605887913000,
  "view/Object.view.xml": 1605887913000,
  "view/NotFound.view.xml": 1605887913000,
  "view/App.view.xml": 1605887913000,
  "test.html": 1605892740000,
  "index.html": 1606071608862
}